发送者,内容,接收者,时间,相关链接
(๑• . •๑)惟,微信呢,GROUP,2017-07-27 15:13:32,
js,再也没有豆各庄捷安特了 发送了一张图片: /root/WeChatMonitor/static/hazelnut/msgimgs/img_2328659736941521693.jpg,GROUP,2017-07-27 15:13:34,/root/WeChatMonitor/static/hazelnut/msgimgs/img_2328659736941521693.jpg
王梁,路总都有了，还买呀,GROUP,2017-07-27 15:13:36,
本群最靠谱副将,我也到不了,GROUP,2017-07-27 15:13:37,
本群最靠谱副将,我就看看,GROUP,2017-07-27 15:13:41,
js,找到他的俩本书[愉快],GROUP,2017-07-27 15:13:47,
꧁路渣꧂,凑凑热闹,GROUP,2017-07-27 15:13:49,
"一只真诚的<span class=""emoji emoji1f411""></span>",路总现在去吗,GROUP,2017-07-27 15:14:13,
꧁路渣꧂,不去。。。,GROUP,2017-07-27 15:14:21,
(๑• . •๑)惟,之前好像看到有一款镀膜的还能全天候变色,GROUP,2017-07-27 15:14:21,
꧁路渣꧂,下班去。。。,GROUP,2017-07-27 15:14:26,
(๑• . •๑)惟,那是什么型号来的,GROUP,2017-07-27 15:14:27,
(๑• . •๑)惟,"<span class=""emoji emoji1f639""></span> ",GROUP,2017-07-27 15:14:29,
洋神粉丝－编号1234,是正品吗？,GROUP,2017-07-27 15:14:39,
洋神粉丝－编号1234,这么便宜,GROUP,2017-07-27 15:14:43,
王梁,翘班去,GROUP,2017-07-27 15:15:14,
小鳝鳝,翘！,GROUP,2017-07-27 15:15:23,
本群最靠谱副将,化工路在哪,GROUP,2017-07-27 15:15:40,
꧁路渣꧂,5点下班，到那儿估计来不及吧。。,GROUP,2017-07-27 15:16:05,
꧁路渣꧂,去完Oakley去老万店里扫货,GROUP,2017-07-27 15:16:21,
꧁路渣꧂,多完美,GROUP,2017-07-27 15:16:23,
꧁路渣꧂,然后空手而归,GROUP,2017-07-27 15:16:28,
꧁路渣꧂,大概就是我的状态,GROUP,2017-07-27 15:16:31,
王梁,5点下班，50巡航过去,GROUP,2017-07-27 15:16:42,
小鳝鳝,50巡航！,GROUP,2017-07-27 15:17:43,
小鳝鳝,再也没有豆各庄捷安特了 发了一个动画表情，点击下面链接查看: http://emoji.qpic.cn/wx_emoji/RmMZ8bjfYwVJoIT589rj6t8KZqSmfcTLqGz4ZhWL3DA2CEoaWorF0Gooq9MzUn9t/,GROUP,2017-07-27 15:17:48,http://emoji.qpic.cn/wx_emoji/RmMZ8bjfYwVJoIT589rj6t8KZqSmfcTLqGz4ZhWL3DA2CEoaWorF0Gooq9MzUn9t/
王梁,顺便吃个豪门饺子,GROUP,2017-07-27 15:17:54,
꧁路渣꧂,[皱眉]话说我都有Oakley了，我还过去干嘛,GROUP,2017-07-27 15:17:58,
(๑• . •๑)惟,[奸笑]快求求我 没追我现在就去呢,GROUP,2017-07-27 15:17:58,
王梁,多完美,GROUP,2017-07-27 15:18:01,
๑°   Yuanyuan  ஐ,"再也没有豆各庄捷安特了 分享了一个链接: {""title"": ""\u60a6\u6b27\u8054\u5408\u84dd\u8272\u6781\u9650\u7279\u5356\u4f1a\uff01\u5168\u573a1\u6298\u8d77\uff01\u660e\u65e5\u5f00\u62a2\uff01"", ""url"": ""http://mp.weixin.qq.com/s?__biz=MzA4MTU1MzIyNw==&amp;mid=2650450235&amp;idx=1&amp;sn=79a028c0ccd485aacc09470eef191d35&amp;chksm=879d3b1fb0eab20930e4a22f279a35dbea901ea50c2ceffb9edd308542e450f106d2defd18e0&amp;mpshare=1&amp;scene=1&amp;srcid=0727bmTKNc82nvzAopBcfu38#rd"", ""description"": ""Oakley&amp;amp;Burton&amp;amp;Vans&amp;amp;Convers\uff01"", ""appname"": ""\u672a\u77e5""}",GROUP,2017-07-27 15:18:14,http://mp.weixin.qq.com/s?__biz=MzA4MTU1MzIyNw==&amp;mid=2650450235&amp;idx=1&amp;sn=79a028c0ccd485aacc09470eef191d35&amp;chksm=879d3b1fb0eab20930e4a22f279a35dbea901ea50c2ceffb9edd308542e450f106d2defd18e0&amp;mpshare=1&amp;scene=1&amp;srcid=0727bmTKNc82nvzAopBcfu38#rd
送水工❁҉҉҉҉҉҉҉҉小元,好的我也好想去[发呆],GROUP,2017-07-27 15:18:21,
js,好吧居然你们这么着急,GROUP,2017-07-27 15:18:26,
js,我现在就去[奸笑],GROUP,2017-07-27 15:18:32,
js,"我休息<span class=""emoji emoji1f639""></span>",GROUP,2017-07-27 15:18:39,
(๑• . •๑)惟,你几点下班？,送水工❁҉҉҉҉҉҉҉҉小元,2017-07-27 15:18:41,
๑°   Yuanyuan  ஐ,@js  那你帮我带眼镜,js  那你帮我带眼,2017-07-27 15:18:52,
洋神粉丝-编号8848,@js  那你帮我带眼镜,js  那你帮我带眼,2017-07-27 15:19:07,
js,眼镜也在那啊？,GROUP,2017-07-27 15:19:09,
洋神粉丝-编号8848,再也没有豆各庄捷安特了 发送了一张图片: /root/WeChatMonitor/static/hazelnut/msgimgs/img_8322766919323477718.jpg,GROUP,2017-07-27 15:19:18,/root/WeChatMonitor/static/hazelnut/msgimgs/img_8322766919323477718.jpg
木南,@js 那你帮我带眼镜,js 那你帮我带眼,2017-07-27 15:19:22,
js,啥眼镜你们这么抢[奸笑],GROUP,2017-07-27 15:19:25,
洋神粉丝-编号8848,泰迪就是不靠谱,GROUP,2017-07-27 15:20:21,
꧁路渣꧂,这特么不得疯抢吗。。,GROUP,2017-07-27 15:20:34,
꧁路渣꧂,感觉会像菜市场一样,GROUP,2017-07-27 15:20:43,
木南,js快去帮我们现场直播,GROUP,2017-07-27 15:20:53,
送水工❁҉҉҉҉҉҉҉҉小元,六点，[撇嘴],(๑• . •๑)惟,2017-07-27 15:20:57,
(๑• . •๑)惟,骑车去自行车能进么,GROUP,2017-07-27 15:20:59,
洋神粉丝-编号8848,貌似不好停吧 看别人都是开车去的,GROUP,2017-07-27 15:21:20,
小鳝鳝,进不去吧,GROUP,2017-07-27 15:21:21,
王梁,开车,GROUP,2017-07-27 15:21:40,
(๑• . •๑)惟,"那不去了<span class=""emoji emoji1f639""></span> 我就是为了骑会车",GROUP,2017-07-27 15:21:45,
洋神粉丝-编号8848,惟主将我带你去,GROUP,2017-07-27 15:22:03,
王梁,打滴滴,GROUP,2017-07-27 15:22:04,
洋神粉丝-编号8848,顺便去万总那扫荡,GROUP,2017-07-27 15:22:13,
炫,你们到底是去哪里[捂脸],GROUP,2017-07-27 15:22:22,
(๑• . •๑)惟,他们打算一条龙 好像两个地方挺近的都去,炫,2017-07-27 15:22:43,
炫,我看这聊天记录乱的得要死的节奏……,GROUP,2017-07-27 15:22:50,
炫,一会儿不看群完全跟不上大神的跳跃思维,GROUP,2017-07-27 15:23:10,
洋神粉丝-编号8848,都在化工路,GROUP,2017-07-27 15:23:30,
炫,"没有满足我近视的……不去<span class=""emoji emoji1f639""></span>",GROUP,2017-07-27 15:23:38,
洋神粉丝-编号8848,化工路西边欧克利 东边万总店,GROUP,2017-07-27 15:23:45,
js,这地方不是豆各庄捷安特店呀[奸笑],GROUP,2017-07-27 15:23:52,
洋神粉丝-编号8848,万总周末也发了帖子吧 ,GROUP,2017-07-27 15:24:09,
(๑• . •๑)惟,噗。。我觉得可以把自行车放到万神那里,GROUP,2017-07-27 15:24:20,
(๑• . •๑)惟,太好了我找到了出门骑车的理由,GROUP,2017-07-27 15:24:36,
洋神粉丝－编号1234,近视片贵,GROUP,2017-07-27 15:24:48,
洋神粉丝-编号8848,炫主将的JB是近视的嘛？,GROUP,2017-07-27 15:24:49,
炫,是,GROUP,2017-07-27 15:25:39,
我是老万,再也没有豆各庄捷安特了 发送了一张图片: /root/WeChatMonitor/static/hazelnut/msgimgs/img_2574518374481578709.jpg,GROUP,2017-07-27 15:25:43,/root/WeChatMonitor/static/hazelnut/msgimgs/img_2574518374481578709.jpg
我是老万,这是个啥,GROUP,2017-07-27 15:25:52,
js,[奸笑],GROUP,2017-07-27 15:25:55,
炫,"<span class=""emoji emoji1f612""></span>",GROUP,2017-07-27 15:25:54,
炫,欧克利,GROUP,2017-07-27 15:26:03,
炫,一个系列,GROUP,2017-07-27 15:26:07,
我是老万,[抠鼻][再见],GROUP,2017-07-27 15:26:17,
洋神粉丝-编号8848,是定制的度数？,GROUP,2017-07-27 15:26:19,
炫,是,GROUP,2017-07-27 15:26:26,
炫,你们聊 我接着搬砖去了,GROUP,2017-07-27 15:26:38,
洋神粉丝-编号8848,多少嘛呢,GROUP,2017-07-27 15:26:43,
炫,我查一下,GROUP,2017-07-27 15:27:01,
一直被套路,各位大神人生赢家,GROUP,2017-07-27 15:27:21,
(๑• . •๑)惟,有钱人。。,GROUP,2017-07-27 15:27:24,
一直被套路,你们聊，我一直在搬砖,GROUP,2017-07-27 15:27:34,
(๑• . •๑)惟,近视的2000多,GROUP,2017-07-27 15:27:34,
洋神粉丝-编号8848,有钱人。。,GROUP,2017-07-27 15:27:48,
洋神粉丝-编号8848,单独变色的 估计也得2K吧,GROUP,2017-07-27 15:28:06,
炫,贵,GROUP,2017-07-27 15:28:15,
一直被套路,还是shimano 无权限,GROUP,2017-07-27 15:28:33,
炫,再也没有豆各庄捷安特了 发送了一张图片: /root/WeChatMonitor/static/hazelnut/msgimgs/img_3041448175600728937.jpg,GROUP,2017-07-27 15:28:42,/root/WeChatMonitor/static/hazelnut/msgimgs/img_3041448175600728937.jpg
一直被套路,再也没有豆各庄捷安特了 撤回了一条消息,GROUP,2017-07-27 15:28:54,
洋神粉丝-编号8848,炫富婆,GROUP,2017-07-27 15:28:57,
洋神粉丝-编号8848,求包养,GROUP,2017-07-27 15:29:00,
一直被套路,还是shimano eqx2亲民,GROUP,2017-07-27 15:29:07,
骑车总被神套路,各位大神人生赢家,GROUP,2017-07-27 15:29:08,
炫,再也没有豆各庄捷安特了 撤回了一条消息,GROUP,2017-07-27 15:29:13,
炫,太贵了~,GROUP,2017-07-27 15:29:16,
送水工❁҉҉҉҉҉҉҉҉小元,再也没有豆各庄捷安特了 发了一个动画表情，点击下面链接查看: http://emoji.qpic.cn/wx_emoji/ZBZR9F1icibhXFXssX5uW2ZhobjZxKxeT6yTmC0GwbQj6Qpdaxxrgntw/,GROUP,2017-07-27 15:29:24,http://emoji.qpic.cn/wx_emoji/ZBZR9F1icibhXFXssX5uW2ZhobjZxKxeT6yTmC0GwbQj6Qpdaxxrgntw/
炫,当初脑子估计抽风了,GROUP,2017-07-27 15:29:26,
洋神粉丝-编号8848,炫主将 你那个还是变色近视？,GROUP,2017-07-27 15:29:29,
js,全天候变色是什么意思,GROUP,2017-07-27 15:29:33,
炫,变色,GROUP,2017-07-27 15:29:36,
洋神粉丝-编号8848,卧槽,GROUP,2017-07-27 15:29:45,
炫,跟着阳光变色,GROUP,2017-07-27 15:29:45,
js,一种镜片 白天晚上都能戴？,GROUP,2017-07-27 15:29:50,
洋神粉丝-编号8848,白天没和炫主将骑过 、没发现,GROUP,2017-07-27 15:29:54,
骑车总被神套路,看看你们的车，还说眼镜贵，亏不亏心,GROUP,2017-07-27 15:29:57,
一直被套路,透光率可变,GROUP,2017-07-27 15:29:57,
炫,可以,GROUP,2017-07-27 15:29:58,
一直被套路,看看你们的车，还说眼镜贵，亏不亏心,GROUP,2017-07-27 15:30:08,
js,那还挺方便[奸笑],GROUP,2017-07-27 15:30:11,
js,不用换镜片,GROUP,2017-07-27 15:30:16,
炫,你们聊……我去搬砖[皱眉],GROUP,2017-07-27 15:30:19,
洋神粉丝-编号8848,0.0,GROUP,2017-07-27 15:30:33,
꧁路渣꧂,我总感觉。。,GROUP,2017-07-27 15:30:48,
洋神粉丝-编号8848,炫主将装备就得上W了,GROUP,2017-07-27 15:30:53,
꧁路渣꧂,炫主将是指挥别人搬砖的。。,GROUP,2017-07-27 15:30:54,
我是老万,再也没有豆各庄捷安特了 发了一个动画表情，点击下面链接查看: http://emoji.qpic.cn/wx_emoji/Mnw3LLlkeC9pVfsdPNjH6PyBqjggzzWg0ZNPib3LUPYN8wo0QgNJXlw/,GROUP,2017-07-27 15:31:17,http://emoji.qpic.cn/wx_emoji/Mnw3LLlkeC9pVfsdPNjH6PyBqjggzzWg0ZNPib3LUPYN8wo0QgNJXlw/
洋神粉丝-编号8848,3K的眼镜 2K的头盔 2K的粉色SIDI 一身小龙虾 啧啧啧,GROUP,2017-07-27 15:31:32,
本群最靠谱副将,求包养,炫,2017-07-27 15:32:00,
一直被套路,关键是能买多少小龙虾吃[捂脸],GROUP,2017-07-27 15:32:48,
骑车总被神套路,折换成腰子,GROUP,2017-07-27 15:33:16,
骑车总被神套路,得吃多少顿,GROUP,2017-07-27 15:33:24,
꧁路渣꧂,[捂脸]我算算我的。。。700的Oakley，900的头盔，200的上衣，500的裤子，300的鞋，100的手套,GROUP,2017-07-27 15:35:04,
꧁路渣꧂,果然屌丝,GROUP,2017-07-27 15:35:09,
一直被套路,我都是300的头盔，前几天还是迪卡侬,GROUP,2017-07-27 15:36:00,
骑车总被神套路,100多的眼镜，150的贝尔头盔，100多的上衣，99的裤子，300的鞋，100的手套,GROUP,2017-07-27 15:36:05,
js,我这一身才1000[奸笑],GROUP,2017-07-27 15:36:02,
洋神粉丝-编号8848,我想知道谁带炫主将入坑的,GROUP,2017-07-27 15:36:06,
一直被套路,我都掉渣了,GROUP,2017-07-27 15:36:07,
骑车总被神套路,我是乞丐,GROUP,2017-07-27 15:36:14,
本群最靠谱副将,我擦 我算下我的 8000的车子 500的近视镜 500的头盔 200的锁鞋 不带手套,GROUP,2017-07-27 15:36:25,
洋神粉丝-编号8848,[捂脸],GROUP,2017-07-27 15:36:33,
一直被套路,五洋神威武,GROUP,2017-07-27 15:36:41,
一直被套路,五洋五洋，法力无边,GROUP,2017-07-27 15:36:51,
本群最靠谱副将,穷啊,GROUP,2017-07-27 15:36:56,
洋神粉丝-编号8848,五羊神是五年前8000,GROUP,2017-07-27 15:36:58,
洋神粉丝-编号8848,现在800我得考虑一下,GROUP,2017-07-27 15:37:06,
骑车总被神套路,穷啊,GROUP,2017-07-27 15:37:08,
送水工❁҉҉҉҉҉҉҉҉小元,@꧁路渣꧂ @本群最靠谱副将 锁鞋我想咨询一下什么品牌➕型号的[捂脸][捂脸][捂脸],骑车总被神套路,2017-07-27 15:37:35,
骑车总被神套路,花多少钱,GROUP,2017-07-27 15:37:50,
骑车总被神套路,碳的还是尼龙的,GROUP,2017-07-27 15:38:00,
本群最靠谱副将,这得看你出多钱了,GROUP,2017-07-27 15:38:01,
王梁,买顶级就对了,GROUP,2017-07-27 15:38:04,
洋神粉丝-编号8848,照着炫主将买就对了,GROUP,2017-07-27 15:38:07,
骑车总被神套路,你看队长买啥你就买啥,GROUP,2017-07-27 15:38:23,
骑车总被神套路,最新潮流,GROUP,2017-07-27 15:38:27,
洋神粉丝-编号8848,欧克利 浦东尼 sidi,GROUP,2017-07-27 15:38:36,
本群最靠谱副将,我三年前全车8000还多么 屌丝车了,GROUP,2017-07-27 15:38:37,
洋神粉丝-编号8848,小龙虾,GROUP,2017-07-27 15:38:39,
骑车总被神套路,关键你换了多少件？,GROUP,2017-07-27 15:38:57,
王梁,我就是跟着大队长买，然后现在快要饭了,GROUP,2017-07-27 15:39:05,
骑车总被神套路,你的车早不止8000了,GROUP,2017-07-27 15:39:19,
js,[捂脸],GROUP,2017-07-27 15:39:25,
꧁路渣꧂,我就是跟着大队长买，然后现在快要饭了,GROUP,2017-07-27 15:39:31,
我是老万,我就是买大队长用剩下的   然后现在已经在要饭了,GROUP,2017-07-27 15:39:32,
送水工❁҉҉҉҉҉҉҉҉小元,鞋➕锁1千以内都行[捂脸],GROUP,2017-07-27 15:39:47,
骑车总被神套路,你们看看，蛋用,GROUP,2017-07-27 15:39:56,
本群最靠谱副将,不不 炫主将看上rapha了,GROUP,2017-07-27 15:40:00,
送水工❁҉҉҉҉҉҉҉҉小元,[捂脸][捂脸][捂脸],王梁,2017-07-27 15:40:03,
本群最靠谱副将,那买森地客多锁鞋吧 也挺好看的 ,GROUP,2017-07-27 15:40:30,
骑车总被神套路,r171加105锁踏，一千出点头,GROUP,2017-07-27 15:40:34,
꧁路渣꧂,森地客据说不行,GROUP,2017-07-27 15:40:48,
小鳝鳝,r9啊,GROUP,2017-07-27 15:40:51,
一直被套路,再也没有豆各庄捷安特了 发送了一张图片: /root/WeChatMonitor/static/hazelnut/msgimgs/img_6453043213662008192.jpg,GROUP,2017-07-27 15:40:53,/root/WeChatMonitor/static/hazelnut/msgimgs/img_6453043213662008192.jpg
小鳝鳝,再也没有豆各庄捷安特了 发了一个动画表情，点击下面链接查看: http://emoji.qpic.cn/wx_emoji/raoHrTe0wE2RNSwK95L2n75Nnia4rK4wekrVcQy7XnBOtwsPn9ictTPg/,GROUP,2017-07-27 15:41:04,http://emoji.qpic.cn/wx_emoji/raoHrTe0wE2RNSwK95L2n75Nnia4rK4wekrVcQy7XnBOtwsPn9ictTPg/
小鳝鳝,买就买旗舰,GROUP,2017-07-27 15:41:09,
骑车总被神套路,衣服设计的又问题,GROUP,2017-07-27 15:41:12,
王梁,锁鞋要买个好点的，碳底的，,送水工❁҉҉҉҉҉҉҉҉小元,2017-07-27 15:41:15,
꧁路渣꧂,我看上lake那双鞋了,GROUP,2017-07-27 15:41:15,
本群最靠谱副将,"森地客有圆点鞋<span class=""emoji emoji1f637""></span>",GROUP,2017-07-27 15:41:19,
洋神粉丝－编号1234,好透,GROUP,2017-07-27 15:41:32,
一直被套路,我觉得主将合适穿lw,GROUP,2017-07-27 15:41:44,
骑车总被神套路,该是网眼的地方用了布料,GROUP,2017-07-27 15:41:45,
骑车总被神套路,买买买,GROUP,2017-07-27 15:41:49,
洋神粉丝－编号1234,NW锁鞋也不错呀,GROUP,2017-07-27 15:41:55,
洋神粉丝-编号8848,炫主将已经看海淘各种逼格小众骑行品牌了,GROUP,2017-07-27 15:41:57,
js,这衣服设计挺好的[捂脸],GROUP,2017-07-27 15:42:28,
js,情趣 骑行[捂脸],GROUP,2017-07-27 15:42:43,
骑车总被神套路,买买买,GROUP,2017-07-27 15:42:49,
